Number of species	10
Number of genes	19363
Number of genes in orthogroups	18994
Number of unassigned genes	369
Percentage of genes in orthogroups	98.1
Percentage of unassigned genes	1.9
Number of orthogroups	2273
Number of species-specific orthogroups	11
Number of genes in species-specific orthogroups	22
Percentage of genes in species-specific orthogroups	0.1
Mean orthogroup size	8.4
Median orthogroup size	10.0
G50 (assigned genes)	10
G50 (all genes)	10
O50 (assigned genes)	913
O50 (all genes)	932
Number of orthogroups with all species present	1458
Number of single-copy orthogroups	1401
Date	2020-10-19
Orthogroups file	Orthogroups.tsv
Unassigned genes file	Orthogroups_UnassignedGenes.tsv
Per-species statistics	Statistics_PerSpecies.tsv
Overall statistics	Statistics_Overall.tsv
Orthogroups shared between species	Orthogroups_SpeciesOverlaps.tsv

Average number of genes per-species in orthogroup	Number of orthogroups	Percentage of orthogroups	Number of genes	Percentage of genes
<1	783	34.4	3727	19.6
'1	1481	65.2	14977	78.9
'2	5	0.2	121	0.6
'3	2	0.1	65	0.3
'4	1	0.0	46	0.2
'5	1	0.0	58	0.3
'6	0	0.0	0	0.0
'7	0	0.0	0	0.0
'8	0	0.0	0	0.0
'9	0	0.0	0	0.0
'10	0	0.0	0	0.0
11-15	0	0.0	0	0.0
16-20	0	0.0	0	0.0
21-50	0	0.0	0	0.0
51-100	0	0.0	0	0.0
101-150	0	0.0	0	0.0
151-200	0	0.0	0	0.0
201-500	0	0.0	0	0.0
501-1000	0	0.0	0	0.0
'1001+	0	0.0	0	0.0

Number of species in orthogroup	Number of orthogroups
1	11
2	191
3	89
4	74
5	199
6	41
7	87
8	54
9	69
10	1458
